<metadata xml:lang="en"><Esri><CreaDate>20240130</CreaDate><CreaTime>08025700</CreaTime><ArcGISFormat>1.0</ArcGISFormat><SyncOnce>FALSE</SyncOnce><DataProperties><itemProps><itemName Sync="TRUE">NHD_Major_Lakes_and_Reservoirs</itemName><itemLocation><linkage Sync="TRUE">file://\\doe-fotox\Home\Workspace\Ushakova\NHD_Updates\NHD_MajorRivers\NHD_Major_Lakes_and_Reservoirs\NHD_Major_Lakes_and_Reservoirs.shp</linkage><protocol Sync="TRUE">Local Area Network</protocol></itemLocation><itemSize Sync="TRUE">12.641</itemSize><nativeExtBox><westBL Sync="TRUE">-124.226749</westBL><eastBL Sync="TRUE">-114.135778</eastBL><southBL Sync="TRUE">32.377473</southBL><northBL Sync="TRUE">42.746852</northBL><exTypeCode Sync="TRUE">1</exTypeCode></nativeExtBox><imsContentType Sync="TRUE">002</imsContentType></itemProps><coordRef><type Sync="TRUE">Geographic</type><geogcsn Sync="TRUE">GCS_North_American_1983</geogcsn><csUnits Sync="TRUE">Angular Unit: Degree (0.017453)</csUnits><peXml Sync="TRUE">&lt;GeographicCoordinateSystem xsi:type='typens:GeographicCoordinateSystem' xmlns:xsi='http://www.w3.org/2001/XMLSchema-instance' xmlns:xs='http://www.w3.org/2001/XMLSchema' xmlns:typens='http://www.esri.com/schemas/ArcGIS/10.8'&gt;&lt;WKT&gt;GEOGCS[&amp;quot;GCS_North_American_1983&amp;quot;,DATUM[&amp;quot;D_North_American_1983&amp;quot;,SPHEROID[&amp;quot;GRS_1980&amp;quot;,6378137.0,298.257222101]],PRIMEM[&amp;quot;Greenwich&amp;quot;,0.0],UNIT[&amp;quot;Degree&amp;quot;,0.0174532925199433],AUTHORITY[&amp;quot;EPSG&amp;quot;,4269]],VERTCS[&amp;quot;NAVD_1988&amp;quot;,VDATUM[&amp;quot;North_American_Vertical_Datum_1988&amp;quot;],PARAMETER[&amp;quot;Vertical_Shift&amp;quot;,0.0],PARAMETER[&amp;quot;Direction&amp;quot;,1.0],UNIT[&amp;quot;Meter&amp;quot;,1.0],AUTHORITY[&amp;quot;EPSG&amp;quot;,5703]]&lt;/WKT&gt;&lt;XOrigin&gt;-400&lt;/XOrigin&gt;&lt;YOrigin&gt;-400&lt;/YOrigin&gt;&lt;XYScale&gt;11258999068426.238&lt;/XYScale&gt;&lt;ZOrigin&gt;-100000&lt;/ZOrigin&gt;&lt;ZScale&gt;10000&lt;/ZScale&gt;&lt;MOrigin&gt;-100000&lt;/MOrigin&gt;&lt;MScale&gt;10000&lt;/MScale&gt;&lt;XYTolerance&gt;8.983152841195215e-09&lt;/XYTolerance&gt;&lt;ZTolerance&gt;0.001&lt;/ZTolerance&gt;&lt;MTolerance&gt;0.001&lt;/MTolerance&gt;&lt;HighPrecision&gt;true&lt;/HighPrecision&gt;&lt;LeftLongitude&gt;-180&lt;/LeftLongitude&gt;&lt;WKID&gt;4269&lt;/WKID&gt;&lt;LatestWKID&gt;4269&lt;/LatestWKID&gt;&lt;VCSWKID&gt;5703&lt;/VCSWKID&gt;&lt;LatestVCSWKID&gt;5703&lt;/LatestVCSWKID&gt;&lt;/GeographicCoordinateSystem&gt;</peXml></coordRef><lineage><Process ToolSource="c:\program files\arcgis\pro\Resources\ArcToolbox\toolboxes\Conversion Tools.tbx\ExportFeatures" Date="20240130" Time="080259" Name="" export="">ExportFeatures NHDWaterbody \\doe-fotox\Home\Workspace\Ushakova\NHD_Updates\NHD_MajorRivers\NHD_MajorRivers.gdb\Major_Lakes_and_Reservoirs # NOT_USE_ALIAS "permanent_identifier "Permanent_Identifier" true true false 40 Text 0 0,First,#,NHDWaterbody,permanent_identifier,0,39;fdate "FDate" true true false 8 Date 0 0,First,#,NHDWaterbody,fdate,-1,-1;resolution "Resolution" true true false 4 Long 0 0,First,#,NHDWaterbody,resolution,-1,-1;gnis_id "GNIS_ID" true true false 10 Text 0 0,First,#,NHDWaterbody,gnis_id,0,9;gnis_name "GNIS_Name" true true false 65 Text 0 0,First,#,NHDWaterbody,gnis_name,0,64;areasqkm "AreaSqKm" true true false 8 Double 0 0,First,#,NHDWaterbody,areasqkm,-1,-1;elevation "Elevation" true true false 8 Double 0 0,First,#,NHDWaterbody,elevation,-1,-1;reachcode "ReachCode" true true false 14 Text 0 0,First,#,NHDWaterbody,reachcode,0,13;ftype "FType" true true false 4 Long 0 0,First,#,NHDWaterbody,ftype,-1,-1;fcode "FCode" true true false 4 Long 0 0,First,#,NHDWaterbody,fcode,-1,-1;visibilityfilter "VisibilityFilter" true true false 4 Long 0 0,First,#,NHDWaterbody,visibilityfilter,-1,-1;SHAPE_Length "SHAPE_Length" false true true 8 Double 0 0,First,#,NHDWaterbody,SHAPE_Length,-1,-1;SHAPE_Area "SHAPE_Area" false true true 8 Double 0 0,First,#,NHDWaterbody,SHAPE_Area,-1,-1" #</Process><Process ToolSource="c:\program files\arcgis\pro\Resources\ArcToolbox\toolboxes\Conversion Tools.tbx\ExportFeatures" Date="20240130" Time="081049" Name="" export="">ExportFeatures Major_Lakes_and_Reservoirs \\doe-fotox\Home\Workspace\Ushakova\NHD_Updates\NHD_MajorRivers\NHD_Major_Lakes_and_Reservoirs\NHD_Major_Lakes_and_Reservoirs.shp # NOT_USE_ALIAS "permanent_identifier "Permanent_Identifier" true true false 40 Text 0 0,First,#,Major_Lakes_and_Reservoirs,permanent_identifier,0,39;fdate "FDate" true true false 8 Date 0 0,First,#,Major_Lakes_and_Reservoirs,fdate,-1,-1;resolution "Resolution" true true false 4 Long 0 0,First,#,Major_Lakes_and_Reservoirs,resolution,-1,-1;gnis_id "GNIS_ID" true true false 10 Text 0 0,First,#,Major_Lakes_and_Reservoirs,gnis_id,0,9;gnis_name "GNIS_Name" true true false 65 Text 0 0,First,#,Major_Lakes_and_Reservoirs,gnis_name,0,64;areasqkm "AreaSqKm" true true false 8 Double 0 0,First,#,Major_Lakes_and_Reservoirs,areasqkm,-1,-1;elevation "Elevation" true true false 8 Double 0 0,First,#,Major_Lakes_and_Reservoirs,elevation,-1,-1;reachcode "ReachCode" true true false 14 Text 0 0,First,#,Major_Lakes_and_Reservoirs,reachcode,0,13;ftype "FType" true true false 4 Long 0 0,First,#,Major_Lakes_and_Reservoirs,ftype,-1,-1;fcode "FCode" true true false 4 Long 0 0,First,#,Major_Lakes_and_Reservoirs,fcode,-1,-1;visibilityfilter "VisibilityFilter" true true false 4 Long 0 0,First,#,Major_Lakes_and_Reservoirs,visibilityfilter,-1,-1;Shape_Length "Shape_Length" false true true 8 Double 0 0,First,#,Major_Lakes_and_Reservoirs,Shape_Length,-1,-1;Shape_Area "Shape_Area" false true true 8 Double 0 0,First,#,Major_Lakes_and_Reservoirs,Shape_Area,-1,-1" #</Process></lineage></DataProperties><SyncDate>20240215</SyncDate><SyncTime>08230100</SyncTime><ModDate>20240215</ModDate><ModTime>8231500</ModTime><scaleRange><minScale>24000</minScale><maxScale>24000</maxScale></scaleRange><ArcGISProfile>FGDC</ArcGISProfile></Esri><mdLang><languageCode value="eng"/><countryCode value="USA" Sync="TRUE"/></mdLang><mdChar><CharSetCd value="004"/></mdChar><mdHrLv><ScopeCd value="005"/></mdHrLv><mdContact><rpOrgName>U.S. Geological Survey, National Geospatial Technical Operations Center</rpOrgName><rpCntInfo><cntPhone><voiceNum>1-888-ASK-USGS (1-888-275-8747)</voiceNum></cntPhone><cntAddress addressType="both"><delPoint>Box 25046 Denver Federal Center</delPoint><city>Lakewood</city><adminArea>CO</adminArea><postCode>80225</postCode><eMailAdd>https://answers.usgs.gov/</eMailAdd></cntAddress><cntHours>Monday through Friday 8:00 AM to 4:00 PM</cntHours><cntInstr>Metadata information can also be obtained through online services using The National Map Viewer, at https://apps.nationalmap.gov/viewer/ or EarthExplorer, at http://earthexplorer.usgs.gov or Ask USGS at https://answers.usgs.gov/.</cntInstr></rpCntInfo><role><RoleCd value="007"/></role></mdContact><mdStanName>ArcGIS Metadata</mdStanName><mdStanVer>1.0</mdStanVer><distInfo><distributor><distorCont><rpOrgName>U.S. Geological Survey, National Geospatial Technical Operations Center</rpOrgName><rpCntInfo><cntPhone><voiceNum>1-888-ASK-USGS (1-888-275-8747)</voiceNum></cntPhone><cntAddress addressType="both"><delPoint>Box 25046 Denver Federal Center</delPoint><city>Lakewood</city><adminArea>CO</adminArea><postCode>80225</postCode><eMailAdd>https://answers.usgs.gov/</eMailAdd></cntAddress><cntHours>Monday through Friday 8:00 AM to 4:00 PM</cntHours><cntInstr>Metadata information can also be obtained through online services using The National Map Viewer, at https://apps.nationalmap.gov/viewer/ or EarthExplorer, at http://earthexplorer.usgs.gov or Ask USGS at https://answers.usgs.gov/.</cntInstr></rpCntInfo><role><RoleCd value="005"/></role></distorCont><distorOrdPrc><resFees>None</resFees></distorOrdPrc><distorFormat><formatName>Esri File GeoDatabase</formatName><formatVer>10</formatVer><fileDecmTech>ZIP lossless data compression has been applied using a DEFLATE algorithm.</fileDecmTech><formatInfo>Spatial objects with unique identifiers and coordinate data.</formatInfo></distorFormat><distorTran><transSize>982.18</transSize><onLineSrc><linkage>https://prd-tnm.s3.amazonaws.com/StagedProducts/Hydrography/NHD/State/GDB/NHD_H_California_State_GDB.zip</linkage></onLineSrc></distorTran></distributor><distFormat><formatName Sync="TRUE">Shapefile</formatName></distFormat><distTranOps><transSize Sync="TRUE">12.641</transSize></distTranOps></distInfo><dataIdInfo><idCitation><date><pubDate>2023-12-27</pubDate></date><citRespParty><rpOrgName>U.S. Geological Survey, National Geospatial Program</rpOrgName><role><RoleCd value="006"/></role></citRespParty><citRespParty><rpOrgName>U.S. Geological Survey</rpOrgName><rpCntInfo><cntAddress><delPoint>Reston, VA</delPoint></cntAddress></rpCntInfo><role><RoleCd value="010"/></role></citRespParty><presForm><PresFormCd value="005"/></presForm><presForm><fgdcGeoform>vector digital data</fgdcGeoform></presForm><resTitle Sync="TRUE">NHD_Major_Lakes_and_Reservoirs</resTitle></idCitation><idAbs>&lt;DIV STYLE="text-align:Left;"&gt;&lt;DIV&gt;&lt;DIV&gt;&lt;P&gt;&lt;SPAN&gt;The National Hydrography Dataset (NHD) is a feature-based database that interconnects and uniquely identifies the stream segments or reaches that make up the nation's surface water drainage system. NHD data was originally developed at 1:100,000-scale and exists at that scale for the whole country. This high-resolution NHD, generally developed at 1:24,000/1:12,000 scale, adds detail to the original 1:100,000-scale NHD. (Data for Alaska, Puerto Rico and the Virgin Islands was developed at high-resolution, not 1:100,000 scale.) Local resolution NHD is being developed where partners and data exist. The NHD contains reach codes for networked features, flow direction, names, and centerline representations for areal water bodies. Reaches are also defined on waterbodies and the approximate shorelines of the Great Lakes, the Atlantic and Pacific Oceans and the Gulf of Mexico. The NHD also incorporates the National Spatial Data Infrastructure framework criteria established by the Federal Geographic Data Committee.&lt;/SPAN&gt;&lt;/P&gt;&lt;P&gt;&lt;SPAN /&gt;&lt;/P&gt;&lt;P&gt;&lt;SPAN&gt;The USGS National Hydrography Dataset (NHD) Downloadable Data Collection from The National Map (TNM) is a comprehensive set of digital spatial data that encodes information about naturally occurring and constructed bodies of surface water (lakes, ponds, and reservoirs), paths through which water flows (canals, ditches, streams, and rivers), and related entities such as point features (springs, wells, stream gages, and dams). The information encoded about these features includes classification and other characteristics, delineation, geographic name, position and related measures, a "reach code" through which other information can be related to the NHD, and the direction of water flow. The network of reach codes delineating water and transported material flow allows users to trace movement in upstream and downstream directions. In addition to this geographic information, the dataset contains metadata that supports the exchange of future updates and improvements to the data. The NHD supports many applications, such as making maps, geocoding observations, flow modeling, data maintenance, and stewardship. For additional information on NHD, go to https://www.usgs.gov/core-science-systems/ngp/national-hydrography. &lt;/SPAN&gt;&lt;/P&gt;&lt;P&gt;&lt;SPAN /&gt;&lt;/P&gt;&lt;P&gt;&lt;SPAN&gt;DWR is the steward for NHD and Watershed Boundary Dataset (WBD) in California. We work with other organizations to edit and improve NHD and WBD, using the business rules for California. California's NHD improvements are sent to USGS for incorporation into the national database. The most up-to-date products are accessible from the USGS website. &lt;/SPAN&gt;&lt;/P&gt;&lt;P&gt;&lt;SPAN /&gt;&lt;/P&gt;&lt;P&gt;&lt;SPAN&gt;This data was downloaded from USGS on 1/30/2024.&lt;/SPAN&gt;&lt;/P&gt;&lt;/DIV&gt;&lt;/DIV&gt;&lt;/DIV&gt;</idAbs><idPurp>This dataset is a derivative product of the NHD that features major lakes and reservoirs.

For more information, please contact: nhd_stewardship@water.ca.gov

The NHD is a national framework for assigning reach addresses to water-related entities, such as industrial discharges, drinking water supplies, fish habitat areas, wild and scenic rivers. Reach addresses establish the locations of these entities relative to one another within the NHD surface water drainage network, much like addresses on streets. Once linked to the NHD by their reach addresses, the upstream/downstream relationships of these water-related entities--and any associated information about them--can be analyzed using software tools ranging from spreadsheets to geographic information systems (GIS). GIS can also be used to combine NHD-based network analysis with other data layers, such as soils, land use and population, to help understand and display their respective effects upon one another. Furthermore, because the NHD provides a nationally consistent framework for addressing and analysis, water-related information linked to reach addresses by one organization (national, state, local) can be shared with other organizations and easily integrated into many different types of applications to the benefit of all.</idPurp><idStatus><ProgCd value="001"/></idStatus><resMaint><maintFreq><MaintFreqCd value="010"/></maintFreq></resMaint><graphOver><bgFileName>https://prd-tnm.s3.amazonaws.com/StagedProducts/Hydrography/NHD/State/GDB/NHD_H_California_State_GDB.jpg</bgFileName><bgFileDesc>Thumbnail JPG image</bgFileDesc><bgFileType>JPEG</bgFileType></graphOver><placeKeys><thesaName><resTitle>Geographic Names Information System</resTitle></thesaName><keyword>Tuolumne</keyword><keyword>Butte</keyword><keyword>Sonoma</keyword><keyword>Plumas</keyword><keyword>Merced</keyword><keyword>Napa</keyword><keyword>Del Norte</keyword><keyword>San Luis Obispo</keyword><keyword>Orange</keyword><keyword>Sutter</keyword><keyword>Amador</keyword><keyword>Mono</keyword><keyword>California</keyword><keyword>San Bernardino</keyword><keyword>San Diego</keyword><keyword>Modoc</keyword><keyword>Glenn</keyword><keyword>Monterey</keyword><keyword>Sierra</keyword><keyword>State_California</keyword><keyword>Inyo</keyword><keyword>Tehama</keyword><keyword>United States</keyword><keyword>Trinity</keyword><keyword>San Mateo</keyword><keyword>Contra Costa</keyword><keyword>San Benito</keyword><keyword>Siskiyou</keyword><keyword>CA</keyword><keyword>Placer</keyword><keyword>Santa Barbara</keyword><keyword>Imperial</keyword><keyword>Ventura</keyword><keyword>San Francisco</keyword><keyword>Riverside</keyword><keyword>Kern</keyword><keyword>Yuba</keyword><keyword>Fresno</keyword><keyword>Humboldt</keyword><keyword>Nevada</keyword><keyword>Mariposa</keyword><keyword>Solano</keyword><keyword>Marin</keyword><keyword>Madera</keyword><keyword>Kings</keyword><keyword>San Joaquin</keyword><keyword>Calaveras</keyword><keyword>Shasta</keyword><keyword>Lake</keyword><keyword>Santa Clara</keyword><keyword>Yolo</keyword><keyword>Stanislaus</keyword><keyword>Mendocino</keyword><keyword>Alameda</keyword><keyword>Lassen</keyword><keyword>US</keyword><keyword>Sacramento</keyword><keyword>Tulare</keyword><keyword>Colusa</keyword><keyword>El Dorado</keyword><keyword>Santa Cruz</keyword><keyword>Alpine</keyword><keyword>Los Angeles</keyword></placeKeys><themeKeys><keyword>Bay/Inlet</keyword><keyword>dams</keyword><keyword>Watershed Boundary Dataset</keyword><keyword>Hydrographic</keyword><keyword>Rapids</keyword><keyword>Orthoimage</keyword><keyword>boundaries</keyword><keyword>drainage systems and characteristics</keyword><keyword>Submerged Stream</keyword><keyword>Reef</keyword><keyword>HU8</keyword><keyword>Watershed</keyword><keyword>Subwatershed</keyword><keyword>Inundation Area</keyword><keyword>Rock</keyword><keyword>Esri File GeoDatabase 10</keyword><keyword>Hydrography</keyword><keyword>Coastline</keyword><keyword>Sea/Ocean</keyword><keyword>HU14</keyword><keyword>Flume</keyword><keyword>Line</keyword><keyword>Hazard Zone</keyword><keyword>Bridge</keyword><keyword>Drainage areas for surface water</keyword><keyword>HU6</keyword><keyword>Estuary</keyword><keyword>Nonearthen Shore</keyword><keyword>HU2</keyword><keyword>Wash</keyword><keyword>Marsh</keyword><keyword>Sub-basin</keyword><keyword>Sounding Datum Line</keyword><keyword>Sink/Rise</keyword><keyword>Reservoir</keyword><keyword>Boundaries</keyword><keyword>Wall</keyword><keyword>Ice mass</keyword><keyword>Water Intake Outflow</keyword><keyword>Drainageway</keyword><keyword>HU10</keyword><keyword>Hydrologic Unit Code</keyword><keyword>Surface water systems</keyword><keyword>HU4</keyword><keyword>Gate</keyword><keyword>Basin</keyword><keyword>Point</keyword><keyword>Reach code</keyword><keyword>Playa</keyword><keyword>ForeShore</keyword><keyword>Subbasin</keyword><keyword>Boundary</keyword><keyword>Watershed Boundaries</keyword><keyword>Connector</keyword><keyword>State</keyword><keyword>HU12</keyword><keyword>HU16</keyword><keyword>Swamp</keyword><keyword>Flow direction network</keyword><keyword>Spillway</keyword><keyword>National Hydrography Dataset (NHD) Best Resolution</keyword><keyword>WBD</keyword><keyword>Lock Chamber</keyword><keyword>Special Use Zone</keyword><keyword>Subregion</keyword><keyword>artificial path</keyword><keyword>lakes</keyword><keyword>Canal/Ditch</keyword><keyword>Sub-region</keyword><keyword>Tunnel</keyword><keyword>Area of Complex Channels</keyword><keyword>Levee</keyword><keyword>Stream</keyword><keyword>rivers</keyword><keyword>Region</keyword><keyword>Underground Conduit</keyword><keyword>HUC</keyword><keyword>Reach</keyword><keyword>Administrative watershed units</keyword><keyword>Waterfall</keyword><keyword>Special Use Zone Limit</keyword><keyword>Gaging Station</keyword><keyword>Topographic</keyword><keyword>Dam/Weir</keyword><keyword>Area to be submerged</keyword><keyword>Hydrologic Units</keyword><keyword>PointEvent</keyword><keyword>Pond</keyword><keyword>Well</keyword><keyword>Stream/River</keyword></themeKeys><themeKeys><thesaName><resTitle>ISO 19115 Topic Category</resTitle></thesaName><keyword>inlandWaters</keyword></themeKeys><themeKeys><thesaName><resTitle>Geospatial Platform</resTitle></thesaName><keyword>ngda</keyword><keyword>Hydrography</keyword></themeKeys><searchKeys><keyword>Tuolumne</keyword><keyword>Butte</keyword><keyword>Bay/Inlet</keyword><keyword>dams</keyword><keyword>Watershed Boundary Dataset</keyword><keyword>Sonoma</keyword><keyword>Hydrographic</keyword><keyword>Plumas</keyword><keyword>Rapids</keyword><keyword>Orthoimage</keyword><keyword>Merced</keyword><keyword>Napa</keyword><keyword>Del Norte</keyword><keyword>boundaries</keyword><keyword>drainage systems and characteristics</keyword><keyword>Submerged Stream</keyword><keyword>Reef</keyword><keyword>San Luis Obispo</keyword><keyword>HU8</keyword><keyword>Watershed</keyword><keyword>Orange</keyword><keyword>Sutter</keyword><keyword>Subwatershed</keyword><keyword>Inundation Area</keyword><keyword>Rock</keyword><keyword>Esri File GeoDatabase 10</keyword><keyword>Hydrography</keyword><keyword>Coastline</keyword><keyword>ngda</keyword><keyword>Sea/Ocean</keyword><keyword>HU14</keyword><keyword>Amador</keyword><keyword>Mono</keyword><keyword>California</keyword><keyword>Flume</keyword><keyword>Line</keyword><keyword>San Bernardino</keyword><keyword>San Diego</keyword><keyword>Modoc</keyword><keyword>Hazard Zone</keyword><keyword>Glenn</keyword><keyword>Bridge</keyword><keyword>Monterey</keyword><keyword>Drainage areas for surface water</keyword><keyword>HU6</keyword><keyword>Sierra</keyword><keyword>State_California</keyword><keyword>Estuary</keyword><keyword>Nonearthen Shore</keyword><keyword>Inyo</keyword><keyword>HU2</keyword><keyword>Tehama</keyword><keyword>United States</keyword><keyword>Trinity</keyword><keyword>Wash</keyword><keyword>San Mateo</keyword><keyword>Marsh</keyword><keyword>Contra Costa</keyword><keyword>San Benito</keyword><keyword>Siskiyou</keyword><keyword>CA</keyword><keyword>Placer</keyword><keyword>Santa Barbara</keyword><keyword>Imperial</keyword><keyword>Sub-basin</keyword><keyword>Sounding Datum Line</keyword><keyword>Sink/Rise</keyword><keyword>Reservoir</keyword><keyword>Ventura</keyword><keyword>Boundaries</keyword><keyword>Wall</keyword><keyword>inlandWaters</keyword><keyword>Ice mass</keyword><keyword>Water Intake Outflow</keyword><keyword>San Francisco</keyword><keyword>Drainageway</keyword><keyword>HU10</keyword><keyword>Hydrologic Unit Code</keyword><keyword>Surface water systems</keyword><keyword>HU4</keyword><keyword>Gate</keyword><keyword>Basin</keyword><keyword>Point</keyword><keyword>Riverside</keyword><keyword>Reach code</keyword><keyword>Playa</keyword><keyword>Kern</keyword><keyword>Yuba</keyword><keyword>ForeShore</keyword><keyword>Fresno</keyword><keyword>Subbasin</keyword><keyword>Boundary</keyword><keyword>Watershed Boundaries</keyword><keyword>Humboldt</keyword><keyword>Nevada</keyword><keyword>Mariposa</keyword><keyword>Solano</keyword><keyword>Connector</keyword><keyword>State</keyword><keyword>HU12</keyword><keyword>HU16</keyword><keyword>Marin</keyword><keyword>Madera</keyword><keyword>Kings</keyword><keyword>Swamp</keyword><keyword>Flow direction network</keyword><keyword>Spillway</keyword><keyword>San Joaquin</keyword><keyword>National Hydrography Dataset (NHD) Best Resolution</keyword><keyword>Calaveras</keyword><keyword>WBD</keyword><keyword>Lock Chamber</keyword><keyword>Special Use Zone</keyword><keyword>Shasta</keyword><keyword>Subregion</keyword><keyword>artificial path</keyword><keyword>lakes</keyword><keyword>Canal/Ditch</keyword><keyword>Sub-region</keyword><keyword>Tunnel</keyword><keyword>Lake</keyword><keyword>Santa Clara</keyword><keyword>Area of Complex Channels</keyword><keyword>Yolo</keyword><keyword>Levee</keyword><keyword>Stanislaus</keyword><keyword>Stream</keyword><keyword>rivers</keyword><keyword>Region</keyword><keyword>Underground Conduit</keyword><keyword>HUC</keyword><keyword>Mendocino</keyword><keyword>Alameda</keyword><keyword>Reach</keyword><keyword>Administrative watershed units</keyword><keyword>Waterfall</keyword><keyword>Lassen</keyword><keyword>Special Use Zone Limit</keyword><keyword>Hydrography</keyword><keyword>US</keyword><keyword>Gaging Station</keyword><keyword>Sacramento</keyword><keyword>Topographic</keyword><keyword>Dam/Weir</keyword><keyword>Area to be submerged</keyword><keyword>Hydrologic Units</keyword><keyword>PointEvent</keyword><keyword>Tulare</keyword><keyword>Colusa</keyword><keyword>El Dorado</keyword><keyword>Santa Cruz</keyword><keyword>Pond</keyword><keyword>Alpine</keyword><keyword>Los Angeles</keyword><keyword>Well</keyword><keyword>Stream/River</keyword></searchKeys><resConst><LegConsts><useLimit>No liability for content or accuracy is presumed by USGS for data.</useLimit></LegConsts></resConst><resConst><Consts><useLimit>&lt;DIV STYLE="text-align:Left;"&gt;&lt;DIV&gt;&lt;DIV&gt;&lt;P&gt;&lt;SPAN&gt;None. However, users should be aware that temporal changes may have occurred since this data set was collected and that some parts of this data may no longer represent actual surface conditions. Users should not use this data for critical applications without a full awareness of its limitations. Acknowledgment of the U.S. Geological Survey would be appreciated for products derived from these data.&lt;/SPAN&gt;&lt;/P&gt;&lt;/DIV&gt;&lt;/DIV&gt;&lt;/DIV&gt;</useLimit></Consts></resConst><dataLang><languageCode value="eng"/><countryCode value="USA" Sync="TRUE"/></dataLang><dataExt><exDesc>publication date</exDesc><tempEle><TempExtent><exTemp><TM_Period><tmBegin>2023-12-27</tmBegin><tmEnd>2023-12-27</tmEnd></TM_Period></exTemp></TempExtent></tempEle><vertEle><vertMinVal Sync="TRUE">0.000000</vertMinVal><vertMaxVal Sync="TRUE">0.000000</vertMaxVal></vertEle></dataExt><dataExt><geoEle><GeoBndBox><westBL>-124.482</westBL><eastBL>-114.13121</eastBL><southBL>32.52883</southBL><northBL>42.0095</northBL></GeoBndBox></geoEle><vertEle><vertMinVal Sync="TRUE">0.000000</vertMinVal><vertMaxVal Sync="TRUE">0.000000</vertMaxVal></vertEle></dataExt><suppInfo>This data comprises hydrological data, including flow lines, water bodies and water features.</suppInfo><envirDesc Sync="TRUE"> Version 6.2 (Build 9200) ; Esri ArcGIS 10.9.1.28388</envirDesc><spatRpType><SpatRepTypCd value="001" Sync="TRUE"/></spatRpType><dataExt><geoEle xmlns=""><GeoBndBox esriExtentType="search"><exTypeCode Sync="TRUE">1</exTypeCode><westBL Sync="TRUE">-124.226749</westBL><eastBL Sync="TRUE">-114.135778</eastBL><northBL Sync="TRUE">42.746852</northBL><southBL Sync="TRUE">32.377473</southBL></GeoBndBox></geoEle></dataExt><tpCat><TopicCatCd value="012"/></tpCat><tpCat><TopicCatCd value="003"/></tpCat></dataIdInfo><mdMaint><maintFreq><MaintFreqCd value="012"/></maintFreq><dateNext>20140216</dateNext><maintNote>Last metadata review date: 20130216</maintNote></mdMaint><dqInfo><dqScope><scpLvl><ScopeCd value="005"/></scpLvl></dqScope><report type="DQTopConsis"><evalMethDesc>Points, nodes, lines, and areas conform to topological rules. Lines intersect only at nodes, and all nodes anchor the ends of lines. Lines do not overshoot or undershoot other lines where they are supposed to meet. There are no duplicate lines. Lines bound areas and lines identify the areas to the left and right of the lines. Gaps and overlaps among areas do not exist. All areas close.</evalMethDesc></report><report type="DQConcConsis"><measDesc>Points, nodes, lines, and areas conform to topological rules. Lines intersect only at nodes, and all nodes anchor the ends of lines. Lines do not overshoot or undershoot other lines where they are supposed to meet. There are no duplicate lines. Lines bound areas and lines identify the areas to the left and right of the lines. Gaps and overlaps among areas do not exist. All areas close.</measDesc></report><report type="DQCompOm"><measDesc>The completeness of the data reflects the content of the sources, which most often are the published USGS topographic quadrangle and/or the USDA Forest Service Primary Base Series (PBS) map. The USGS topographic quadrangle is usually supplemented by Digital Orthophoto Quadrangles (DOQs). Features found on the ground may have been eliminated or generalized on the source map because of scale and legibility constraints. In general, streams longer than one mile (approximately 1.6 kilometers) were collected. Most streams that flow from a lake were collected regardless of their length. Only definite channels were collected so not all swamp/marsh features have stream/rivers delineated through them. Lake/ponds having an area greater than 6 acres were collected. Note, however, that these general rules were applied unevenly among maps during compilation. Reach codes are defined on all features of type stream/river, canal/ditch, artificial path, coastline, and connector. Waterbody reach codes are defined on all lake/pond and most reservoir features. Names were applied from the GNIS database. Detailed capture conditions are provided for every feature type in the Standards for National Hydrography Dataset available online through https://prd-wret.s3-us-west-2.amazonaws.com/assets/palladium/production/atoms/files/NHD%201999%20Draft%20Standards%20-%20Capture%20conditions.PDF.</measDesc></report><report type="DQQuanAttAcc"><measDesc>Statements of attribute accuracy are based on accuracy statements made for U.S. Geological Survey Digital Line Graph (DLG) data, which is estimated to be 98.5 percent. One or more of the following methods were used to test attribute accuracy: manual comparison of the source with hardcopy plots; symbolized display of the DLG on an interactive computer graphic system; selected attributes that could not be visually verified on plots or on screen were interactively queried and verified on screen. In addition, software validated feature types and characteristics against a master set of types and characteristics, checked that combinations of types and characteristics were valid, and that types and characteristics were valid for the delineation of the feature. Feature types, characteristics, and other attributes conform to the Standards for National Hydrography Dataset (USGS, 1999) as of the date they were loaded into the database. All names were validated against a current extract from the Geographic Names Information System (GNIS). The entry and identifier for the names match those in the GNIS. The association of each name to reaches has been interactively checked, however, operator error could in some cases apply a name to a wrong reach.</measDesc></report><report type="DQAbsExtPosAcc" dimension="horizontal"><measDesc>Statements of horizontal positional accuracy are based on accuracy statements made for U.S. Geological Survey topographic quadrangle maps. These maps were compiled to meet National Map Accuracy Standards. For horizontal accuracy, this standard is met if at least 90 percent of points tested are within 0.02 inch (at map scale) of the true position. Additional offsets to positions may have been introduced where feature density is high to improve the legibility of map symbols. In addition, the digitizing of maps is estimated to contain a horizontal positional error of less than or equal to 0.003 inch standard error (at map scale) in the two component directions relative to the source maps. Visual comparison between the map graphic (including digital scans of the graphic) and plots or digital displays of points, lines, and areas, is used as control to assess the positional accuracy of digital data. Digital map elements along the adjoining edges of data sets are aligned if they are within a 0.02 inch tolerance (at map scale). Features with like dimensionality (for example, features that all are delineated with lines), with or without like characteristics, that are within the tolerance are aligned by moving the features equally to a common point. Features outside the tolerance are not moved; instead, a feature of type connector is added to join the features.</measDesc></report><report type="DQAbsExtPosAcc" dimension="vertical"><measDesc>Statements of vertical positional accuracy for elevation of water surfaces are based on accuracy statements made for U.S. Geological Survey topographic quadrangle maps. These maps were compiled to meet National Map Accuracy Standards. For vertical accuracy, this standard is met if at least 90 percent of well-defined points tested are within one-half contour interval of the correct value. Elevations of water surface printed on the published map meet this standard; the contour intervals of the maps vary. These elevations were transcribed into the digital data; the accuracy of this transcription was checked by visual comparison between the data and the map.</measDesc></report><dataLineage><dataSource><srcDesc>Hydrography features and feature names</srcDesc><srcScale><rfDenom>24000</rfDenom></srcScale><srcCitatn><resTitle>Hydrography</resTitle><resAltTitle>Hydrography</resAltTitle><date><pubDate>2010-08-20</pubDate></date><citRespParty><rpOrgName>U.S. Geological Survey in cooperation with U.S. Environmental Protection Agency, USDA Forest Service, and other Federal, State and local partners. National Hydrography Dataset is a component of a comprehensive base geospatial data model.</rpOrgName><role><RoleCd value="006"/></role></citRespParty><presForm><PresFormCd value="005"/></presForm><presForm><fgdcGeoform>vector digital data</fgdcGeoform></presForm><otherCitDet>The National Hydrography Dataset (NHD) is a feature-based database that interconnects and uniquely identifies the stream segments or reaches that make up the nation's surface water drainage system. The high-resolution NHD was originally created using 1:24,000-scale data. State and Local Stewards are improving the data by incorporating local updates based on more current and more accurate source data. Water features in the real world are relatively dynamic and the differences at the time of data collection mean that water features may not register exactly to other layers. The hydrographic feature names contained in and displayed by the NHD are extracted and validated from the Geographic Names Information System (GNIS). Spatial objects may be filtered or generalized to achieve a 1:24,000-scale representation.</otherCitDet><citOnlineRes><linkage>https://www.usgs.gov/core-science-systems/ngp/national-hydrography/national-hydrography-dataset?qt-science_support_page_related_con=0#qt-science_support_page_related_con</linkage></citOnlineRes><citOnlineRes><linkage>https://www.usgs.gov/core-science-systems/ngp/board-on-geographic-names</linkage></citOnlineRes><citOnlineRes><linkage>https://www.usgs.gov/core-science-systems/ngp/national-hydrography</linkage></citOnlineRes></srcCitatn><srcExt><exDesc>publication date</exDesc><tempEle><TempExtent><exTemp><TM_Period><tmBegin>2010-08-20</tmBegin><tmEnd>2010-08-20</tmEnd></TM_Period></exTemp></TempExtent></tempEle></srcExt></dataSource><dataSource><srcDesc>U.S. Geological Survey</srcDesc><srcScale><rfDenom>24000</rfDenom></srcScale><srcCitatn><resTitle>Watershed Boundary Dataset (WBD)</resTitle><resAltTitle>Watershed Boundary Dataset</resAltTitle><date><pubDate>2012-01-01</pubDate></date><citRespParty><rpOrgName>U.S. Geological Survey, National Geospatial Technical Operations Center</rpOrgName><role><RoleCd value="006"/></role></citRespParty><presForm><PresFormCd value="005"/></presForm><presForm><fgdcGeoform>vector digital data</fgdcGeoform></presForm><otherCitDet>The Watershed Boundary Dataset (WBD) defines the areal extent of surface water drainage to a point, accounting for all land and surface areas. Watershed Boundaries are determined solely upon science-based hydrologic principles, not favoring any administrative boundaries or special projects, nor particular program or agency. The intent of defining Hydrologic Units (HU) for the Watershed Boundary Dataset is to establish a base-line drainage boundary framework, accounting for all land and surface areas. Hydrologic units are given a Hydrologic Unit Code (HUC). For example, a hydrologic region has a 2-digit HUC. A HUC describes where the unit is in the country and the level of the unit.</otherCitDet><citOnlineRes><linkage>http://nhd.usgs.gov/wbd.html</linkage></citOnlineRes></srcCitatn><srcExt><exDesc>publication date</exDesc><tempEle><TempExtent><exTemp><TM_Period><tmBegin>1972-01-01</tmBegin><tmEnd>2012-01-01</tmEnd></TM_Period></exTemp></TempExtent></tempEle></srcExt></dataSource><dataSource><srcDesc>Hydrography features and gaging stations</srcDesc><srcScale><rfDenom>24000</rfDenom></srcScale><srcCitatn><resTitle>Gaging Stations</resTitle><resAltTitle>Hydrography - Gaging Stations</resAltTitle><date><pubDate>2011-01-01</pubDate></date><citRespParty><rpOrgName>Global Land Ice Measurements from Space initiative (GLIMS)</rpOrgName><role><RoleCd value="006"/></role></citRespParty><presForm><PresFormCd value="005"/></presForm><presForm><fgdcGeoform>vector digital data</fgdcGeoform></presForm><otherCitDet>This dataset, termed "GAGES II", an acronym for Geospatial Attributes of Gages for Evaluating Streamflow, version II, provides geospatial data and classifications for 9,322 stream gages maintained by the U.S. Geological Survey (USGS). It is an update to the original GAGES in 2010. The GAGES II dataset consists of gages which have had either 20+ complete years (not necessarily continuous) of discharge record since 1950, or are currently active, as of water year 2009, and whose watersheds lie within the United States, including Alaska, Hawaii, and Puerto Rico. Only active stations, as identified by the GAGES II dataset, are symbolized.</otherCitDet><citOnlineRes><linkage>http://water.usgs.gov/lookup/getspatial?gagesII_Sept2011</linkage></citOnlineRes><citOnlineRes><linkage>http://water.usgs.gov/GIS/metadata/usgswrd/XML/gagesII_Sept2011.xml</linkage></citOnlineRes></srcCitatn><srcExt><exDesc>publication date</exDesc></srcExt></dataSource><prcStep><stepDesc>New reaches were assigned reach code values that are sequentially ordered to 2-D and then 1-D reaches. New high-res reach codes are larger than any existing med-res reach code in the associated Catalog Unit. Additional Geographic Names that exist in the Geographic Names Information System (GNIS) were added to reaches in the high-res dataset. Names for the high-res drainage network were interactively transferred from the vector GNIS coverage. Additional GNIS names for point and water body features were also added.</stepDesc><stepDateTm>2012-11-05</stepDateTm></prcStep></dataLineage></dqInfo><eainfo><detailed Name="NHD_Major_Lakes_and_Reservoirs"><enttyp><enttypl Sync="TRUE">NHD_Major_Lakes_and_Reservoirs</enttypl><enttypt Sync="TRUE">Feature Class</enttypt><enttypc Sync="TRUE">138</enttypc></enttyp><attr><attrlabl Sync="TRUE">Shape</attrlabl><attalias Sync="TRUE">Shape</attalias><attrtype Sync="TRUE">Geometry</attrtype><attwidth Sync="TRUE">0</attwidth><atprecis Sync="TRUE">0</atprecis><attscale Sync="TRUE">0</attscale><attrdef Sync="TRUE">Feature geometry.</attrdef><attrdefs Sync="TRUE">Esri</attrdefs><attrdomv><udom Sync="TRUE">Coordinates defining the features.</udom></attrdomv></attr><attr><attrlabl Sync="TRUE">fdate</attrlabl><attalias Sync="TRUE">fdate</attalias><attrtype Sync="TRUE">Date</attrtype><attwidth Sync="TRUE">8</attwidth><atprecis Sync="TRUE">0</atprecis><attscale Sync="TRUE">0</attscale></attr><attr><attrlabl Sync="TRUE">resolution</attrlabl><attalias Sync="TRUE">resolution</attalias><attrtype Sync="TRUE">Integer</attrtype><attwidth Sync="TRUE">10</attwidth><atprecis Sync="TRUE">10</atprecis><attscale Sync="TRUE">0</attscale></attr><attr><attrlabl Sync="TRUE">gnis_id</attrlabl><attalias Sync="TRUE">gnis_id</attalias><attrtype Sync="TRUE">String</attrtype><attwidth Sync="TRUE">10</attwidth><atprecis Sync="TRUE">0</atprecis><attscale Sync="TRUE">0</attscale></attr><attr><attrlabl Sync="TRUE">gnis_name</attrlabl><attalias Sync="TRUE">gnis_name</attalias><attrtype Sync="TRUE">String</attrtype><attwidth Sync="TRUE">65</attwidth><atprecis Sync="TRUE">0</atprecis><attscale Sync="TRUE">0</attscale></attr><attr><attrlabl Sync="TRUE">areasqkm</attrlabl><attalias Sync="TRUE">areasqkm</attalias><attrtype Sync="TRUE">Double</attrtype><attwidth Sync="TRUE">19</attwidth><atprecis Sync="TRUE">0</atprecis><attscale Sync="TRUE">0</attscale></attr><attr><attrlabl Sync="TRUE">FID</attrlabl><attalias Sync="TRUE">FID</attalias><attrtype Sync="TRUE">OID</attrtype><attwidth Sync="TRUE">4</attwidth><atprecis Sync="TRUE">0</atprecis><attscale Sync="TRUE">0</attscale><attrdef Sync="TRUE">Internal feature number.</attrdef><attrdefs Sync="TRUE">Esri</attrdefs><attrdomv><udom Sync="TRUE">Sequential unique whole numbers that are automatically generated.</udom></attrdomv></attr><attr><attrlabl Sync="TRUE">elevation</attrlabl><attalias Sync="TRUE">elevation</attalias><attrtype Sync="TRUE">Double</attrtype><attwidth Sync="TRUE">19</attwidth><atprecis Sync="TRUE">0</atprecis><attscale Sync="TRUE">0</attscale></attr><attr><attrlabl Sync="TRUE">permanent_</attrlabl><attalias Sync="TRUE">permanent_</attalias><attrtype Sync="TRUE">String</attrtype><attwidth Sync="TRUE">40</attwidth><atprecis Sync="TRUE">0</atprecis><attscale Sync="TRUE">0</attscale></attr><attr><attrlabl Sync="TRUE">reachcode</attrlabl><attalias Sync="TRUE">reachcode</attalias><attrtype Sync="TRUE">String</attrtype><attwidth Sync="TRUE">14</attwidth><atprecis Sync="TRUE">0</atprecis><attscale Sync="TRUE">0</attscale></attr><attr><attrlabl Sync="TRUE">ftype</attrlabl><attalias Sync="TRUE">ftype</attalias><attrtype Sync="TRUE">Integer</attrtype><attwidth Sync="TRUE">10</attwidth><atprecis Sync="TRUE">10</atprecis><attscale Sync="TRUE">0</attscale></attr><attr><attrlabl Sync="TRUE">fcode</attrlabl><attalias Sync="TRUE">fcode</attalias><attrtype Sync="TRUE">Integer</attrtype><attwidth Sync="TRUE">10</attwidth><atprecis Sync="TRUE">10</atprecis><attscale Sync="TRUE">0</attscale></attr><attr><attrlabl Sync="TRUE">Shape_Area</attrlabl><attalias Sync="TRUE">Shape_Area</attalias><attrtype Sync="TRUE">Double</attrtype><attwidth Sync="TRUE">19</attwidth><atprecis Sync="TRUE">0</atprecis><attscale Sync="TRUE">0</attscale><attrdef Sync="TRUE">Area of feature in internal units squared.</attrdef><attrdefs Sync="TRUE">Esri</attrdefs><attrdomv><udom Sync="TRUE">Positive real numbers that are automatically generated.</udom></attrdomv></attr><subtype><stname Sync="TRUE">Reservoir</stname><stcode Sync="TRUE">436</stcode><stfield><stfldnm Sync="TRUE">resolution</stfldnm><stflddd><domname Sync="TRUE">Resolution</domname><domtype Sync="TRUE">Coded Value</domtype><mrgtype Sync="TRUE">Default value</mrgtype><splttype Sync="TRUE">Duplicate</splttype><domfldtp Sync="TRUE">Integer</domfldtp></stflddd></stfield><stfield><stfldnm Sync="TRUE">elevation</stfldnm><stflddd><domname Sync="TRUE">ElevationRange</domname><domtype Sync="TRUE">Range</domtype><mrgtype Sync="TRUE">Default value</mrgtype><splttype Sync="TRUE">Default value</splttype><domfldtp Sync="TRUE">Double</domfldtp></stflddd></stfield><stfield><stfldnm Sync="TRUE">fcode</stfldnm><stflddv Sync="TRUE">43600</stflddv><stflddd><domname Sync="TRUE">Reservoir FCode</domname><domtype Sync="TRUE">Coded Value</domtype><mrgtype Sync="TRUE">Default value</mrgtype><splttype Sync="TRUE">Duplicate</splttype><domfldtp Sync="TRUE">Integer</domfldtp></stflddd></stfield><stfield><stfldnm Sync="TRUE">visibilityfilter</stfldnm><stflddv Sync="TRUE">0</stflddv><stflddd><domname Sync="TRUE">VisibilityFilter Domain</domname><domtype Sync="TRUE">Coded Value</domtype><mrgtype Sync="TRUE">Default value</mrgtype><splttype Sync="TRUE">Duplicate</splttype><domfldtp Sync="TRUE">Integer</domfldtp></stflddd></stfield></subtype><subtype><stname Sync="TRUE">SwampMarsh</stname><stcode Sync="TRUE">466</stcode><stfield><stfldnm Sync="TRUE">resolution</stfldnm><stflddd><domname Sync="TRUE">Resolution</domname><domtype Sync="TRUE">Coded Value</domtype><mrgtype Sync="TRUE">Default value</mrgtype><splttype Sync="TRUE">Duplicate</splttype><domfldtp Sync="TRUE">Integer</domfldtp></stflddd></stfield><stfield><stfldnm Sync="TRUE">elevation</stfldnm><stflddd><domname Sync="TRUE">ElevationRange</domname><domtype Sync="TRUE">Range</domtype><mrgtype Sync="TRUE">Default value</mrgtype><splttype Sync="TRUE">Default value</splttype><domfldtp Sync="TRUE">Double</domfldtp></stflddd></stfield><stfield><stfldnm Sync="TRUE">fcode</stfldnm><stflddv Sync="TRUE">46600</stflddv><stflddd><domname Sync="TRUE">SwampMarsh FCode</domname><domtype Sync="TRUE">Coded Value</domtype><mrgtype Sync="TRUE">Default value</mrgtype><splttype Sync="TRUE">Duplicate</splttype><domfldtp Sync="TRUE">Integer</domfldtp></stflddd></stfield><stfield><stfldnm Sync="TRUE">visibilityfilter</stfldnm><stflddv Sync="TRUE">0</stflddv><stflddd><domname Sync="TRUE">VisibilityFilter Domain</domname><domtype Sync="TRUE">Coded Value</domtype><mrgtype Sync="TRUE">Default value</mrgtype><splttype Sync="TRUE">Duplicate</splttype><domfldtp Sync="TRUE">Integer</domfldtp></stflddd></stfield></subtype><subtype><stname Sync="TRUE">Estuary</stname><stcode Sync="TRUE">493</stcode><stfield><stfldnm Sync="TRUE">resolution</stfldnm><stflddd><domname Sync="TRUE">Resolution</domname><domtype Sync="TRUE">Coded Value</domtype><mrgtype Sync="TRUE">Default value</mrgtype><splttype Sync="TRUE">Duplicate</splttype><domfldtp Sync="TRUE">Integer</domfldtp></stflddd></stfield><stfield><stfldnm Sync="TRUE">elevation</stfldnm><stflddd><domname Sync="TRUE">ElevationRange</domname><domtype Sync="TRUE">Range</domtype><mrgtype Sync="TRUE">Default value</mrgtype><splttype Sync="TRUE">Default value</splttype><domfldtp Sync="TRUE">Double</domfldtp></stflddd></stfield><stfield><stfldnm Sync="TRUE">fcode</stfldnm><stflddv Sync="TRUE">49300</stflddv><stflddd><domname Sync="TRUE">Estuary FCode</domname><domtype Sync="TRUE">Coded Value</domtype><mrgtype Sync="TRUE">Default value</mrgtype><splttype Sync="TRUE">Duplicate</splttype><domfldtp Sync="TRUE">Integer</domfldtp></stflddd></stfield><stfield><stfldnm Sync="TRUE">visibilityfilter</stfldnm><stflddv Sync="TRUE">0</stflddv><stflddd><domname Sync="TRUE">VisibilityFilter Domain</domname><domtype Sync="TRUE">Coded Value</domtype><mrgtype Sync="TRUE">Default value</mrgtype><splttype Sync="TRUE">Duplicate</splttype><domfldtp Sync="TRUE">Integer</domfldtp></stflddd></stfield></subtype><subtype><stname Sync="TRUE">LakePond</stname><stcode Sync="TRUE">390</stcode><stfield><stfldnm Sync="TRUE">resolution</stfldnm><stflddd><domname Sync="TRUE">Resolution</domname><domtype Sync="TRUE">Coded Value</domtype><mrgtype Sync="TRUE">Default value</mrgtype><splttype Sync="TRUE">Duplicate</splttype><domfldtp Sync="TRUE">Integer</domfldtp></stflddd></stfield><stfield><stfldnm Sync="TRUE">elevation</stfldnm><stflddd><domname Sync="TRUE">ElevationRange</domname><domtype Sync="TRUE">Range</domtype><mrgtype Sync="TRUE">Default value</mrgtype><splttype Sync="TRUE">Default value</splttype><domfldtp Sync="TRUE">Double</domfldtp></stflddd></stfield><stfield><stfldnm Sync="TRUE">fcode</stfldnm><stflddv Sync="TRUE">39004</stflddv><stflddd><domname Sync="TRUE">LakePond FCode</domname><domtype Sync="TRUE">Coded Value</domtype><mrgtype Sync="TRUE">Default value</mrgtype><splttype Sync="TRUE">Duplicate</splttype><domfldtp Sync="TRUE">Integer</domfldtp></stflddd></stfield><stfield><stfldnm Sync="TRUE">visibilityfilter</stfldnm><stflddv Sync="TRUE">0</stflddv><stflddd><domname Sync="TRUE">VisibilityFilter Domain</domname><domtype Sync="TRUE">Coded Value</domtype><mrgtype Sync="TRUE">Default value</mrgtype><splttype Sync="TRUE">Duplicate</splttype><domfldtp Sync="TRUE">Integer</domfldtp></stflddd></stfield></subtype><subtype><stname Sync="TRUE">Playa</stname><stcode Sync="TRUE">361</stcode><stfield><stfldnm Sync="TRUE">resolution</stfldnm><stflddd><domname Sync="TRUE">Resolution</domname><domtype Sync="TRUE">Coded Value</domtype><mrgtype Sync="TRUE">Default value</mrgtype><splttype Sync="TRUE">Duplicate</splttype><domfldtp Sync="TRUE">Integer</domfldtp></stflddd></stfield><stfield><stfldnm Sync="TRUE">elevation</stfldnm><stflddd><domname Sync="TRUE">ElevationRange</domname><domtype Sync="TRUE">Range</domtype><mrgtype Sync="TRUE">Default value</mrgtype><splttype Sync="TRUE">Default value</splttype><domfldtp Sync="TRUE">Double</domfldtp></stflddd></stfield><stfield><stfldnm Sync="TRUE">fcode</stfldnm><stflddv Sync="TRUE">36100</stflddv><stflddd><domname Sync="TRUE">Playa FCode</domname><domtype Sync="TRUE">Coded Value</domtype><mrgtype Sync="TRUE">Default value</mrgtype><splttype Sync="TRUE">Duplicate</splttype><domfldtp Sync="TRUE">Integer</domfldtp></stflddd></stfield><stfield><stfldnm Sync="TRUE">visibilityfilter</stfldnm><stflddv Sync="TRUE">0</stflddv><stflddd><domname Sync="TRUE">VisibilityFilter Domain</domname><domtype Sync="TRUE">Coded Value</domtype><mrgtype Sync="TRUE">Default value</mrgtype><splttype Sync="TRUE">Duplicate</splttype><domfldtp Sync="TRUE">Integer</domfldtp></stflddd></stfield></subtype><attr><attrlabl Sync="TRUE">visibility</attrlabl><attalias Sync="TRUE">visibility</attalias><attrtype Sync="TRUE">Integer</attrtype><attwidth Sync="TRUE">10</attwidth><atprecis Sync="TRUE">10</atprecis><attscale Sync="TRUE">0</attscale></attr><attr><attrlabl Sync="TRUE">Shape_Leng</attrlabl><attalias Sync="TRUE">Shape_Leng</attalias><attrtype Sync="TRUE">Double</attrtype><attwidth Sync="TRUE">19</attwidth><atprecis Sync="TRUE">0</atprecis><attscale Sync="TRUE">0</attscale></attr><subtype><stname Sync="TRUE">Ice Mass</stname><stcode Sync="TRUE">378</stcode><stfield><stfldnm Sync="TRUE">resolution</stfldnm><stflddd><domname Sync="TRUE">Resolution</domname><domtype Sync="TRUE">Coded Value</domtype><mrgtype Sync="TRUE">Default value</mrgtype><splttype Sync="TRUE">Duplicate</splttype><domfldtp Sync="TRUE">Integer</domfldtp></stflddd></stfield><stfield><stfldnm Sync="TRUE">elevation</stfldnm><stflddd><domname Sync="TRUE">ElevationRange</domname><domtype Sync="TRUE">Range</domtype><mrgtype Sync="TRUE">Default value</mrgtype><splttype Sync="TRUE">Default value</splttype><domfldtp Sync="TRUE">Double</domfldtp></stflddd></stfield><stfield><stfldnm Sync="TRUE">fcode</stfldnm><stflddv Sync="TRUE">37800</stflddv><stflddd><domname Sync="TRUE">Ice Mass FCode</domname><domtype Sync="TRUE">Coded Value</domtype><mrgtype Sync="TRUE">Default value</mrgtype><splttype Sync="TRUE">Duplicate</splttype><domfldtp Sync="TRUE">Integer</domfldtp></stflddd></stfield><stfield><stfldnm Sync="TRUE">visibilityfilter</stfldnm><stflddv Sync="TRUE">0</stflddv><stflddd><domname Sync="TRUE">VisibilityFilter Domain</domname><domtype Sync="TRUE">Coded Value</domtype><mrgtype Sync="TRUE">Default value</mrgtype><splttype Sync="TRUE">Duplicate</splttype><domfldtp Sync="TRUE">Integer</domfldtp></stflddd></stfield></subtype></detailed></eainfo><mdHrLvName Sync="TRUE">dataset</mdHrLvName><refSysInfo><RefSystem><refSysID><identCode code="4269" Sync="TRUE"/><idCodeSpace Sync="TRUE">EPSG</idCodeSpace><idVersion Sync="TRUE">6.5(3.0.1)</idVersion></refSysID></RefSystem></refSysInfo><spatRepInfo><VectSpatRep><geometObjs Name="NHD_Major_Lakes_and_Reservoirs"><geoObjTyp><GeoObjTypCd value="002" Sync="TRUE"/></geoObjTyp><geoObjCnt Sync="TRUE">138</geoObjCnt></geometObjs><topLvl><TopoLevCd value="001" Sync="TRUE"/></topLvl></VectSpatRep></spatRepInfo><spdoinfo><ptvctinf><esriterm Name="NHD_Major_Lakes_and_Reservoirs"><efeatyp Sync="TRUE">Simple</efeatyp><efeageom code="4" Sync="TRUE"/><esritopo Sync="TRUE">FALSE</esritopo><efeacnt Sync="TRUE">138</efeacnt><spindex Sync="TRUE">TRUE</spindex><linrefer Sync="TRUE">TRUE</linrefer></esriterm></ptvctinf></spdoinfo><mdDateSt Sync="TRUE">20240215</mdDateSt></metadata>
